1001,Joe,Janson,6478902315,Male,12/17/2015,1001,Joe.Janson@HR.com,6488898372
1002,Jacob,Edwards,6473370239,Male,9/11/2011,1002,Jacob.Edwards@HR.com,7839983332
1003,Emily,Fox,6474071882,Female,2/18/2009,1003,Emily.Fox@HR.com,8374430028
1004,Madison,Johnson,6480099289,Female,6/28/2019,1004,Madison.Johnson@HR.com,9384328475
1005,Christopher,Miller,6478732847,Male,1/22/2011,1005,Christopher.Miller@HR.com,8483748347
1006,Samantha,Martinez,6474078934,Female,5/22/2009,1006,Samantha.Martinez@HR.com,4743837743
1007,Andrew,Rodriguez,6478091927,Male,4/20/2007,1007,Andrew.Rodriguez@HR.com,4374383843
1008,William,Max,6474074739,Male,7/29/2009,1008,William.Max@HR.com,9948373243
1009,Alexander,Jacquex,6474792874,Male,11/26/2009,1009,Alexander.Jacquex@HR.com,9483284833
1010,Ryan,Bacco,6478232897,Male,8/2/2011,1010,Ryan.Bacco@HR.com,8374489383
1011,Rachel,Babicz,6890991987,Female,9/23/2000,1011,Rachel.Babicz@HR.com,1932848573
1012,Jack,Marz,6735692769,Male,10/9/2013,1012,Jack.Marz@HR.com,4847573829
1013,Luke,Wactor,6145570981,Male,12/1/2012,1013,Luke.Wactor@HR.com,3847473829
1014,Mackenzie,Wadford,6480903837,Female,4/2/2011,1014,Mackenzie.Wadford@HR.com,3848377264
1015,Kyle,Timberland,6840237870,Male,9/2/2004,1015,Kyle.Timberland@HR.com,3883747587
1016,Trinity,Waysly,6721910023,Female,2/18/2007,1016,Trinity.Waysly@HR.com,9484746223
1017,Vanessa,Tayler,6290821998,Female,7/9/2006,1017,Vanessa.Tayler@HR.com,3847585959
1018,Diego,Caamano,6742381128,Male,11/19/2009,1018,Diego.Caamano@HR.com,5848448858
1019,Hayden,Caffrey,6832871984,Male,9/26/2017,1019,Hayden.Caffrey@HR.com,4845855483
1020,Miguel,Maassen,6382392289,Male,10/29/2018,1020,Miguel.Maassen@HR.com,4848574743
